A8761533,150P-3-V,Banjo
A2780484,200P-3,Banjo
A8637943,200P-3-V,Banjo
A9381123,200PH-5,Banjo
A2678507,200PH-5E,Banjo
A2430231,200PH-5V,Banjo
A9620590,200PH6,Banjo
A1770106,200P6PRO,Banjo
A6138285,200P6PROE,Banjo
A1198016,200P6PROV,Banjo
A4215759,200PH5W,Banjo
A2761221,234PPE5,Banjo
A7388744,234PPE5V,Banjo
A1914888,234PPE51,Banjo
A2070852,234PPE51V,Banjo
A8183373,200PHY,Banjo
A6888456,M220PH5,Banjo
A9690427,M220PH5E,Banjo
A4920907,M220PH6,Banjo
A5383560,M220P6PRO,Banjo
A7991410,M220P6PROE,Banjo
A6799521,M220PH5W,Banjo
A5602564,M220PH5EW,Banjo
A1722664,M220PH6W,Banjo
A8402859,M220P6PROEW,Banjo
A5024076,300PH-6,Banjo
A4351586,300P11PRO,Banjo
A6622432,M300PH6,Banjo
A6165564,M300P6PRO,Banjo
A5630525,M300P11PRO,Banjo
A8700587,300PHY,Banjo
A1552330,300PHYW,Banjo
A3265196,300PH6W,Banjo
A3082860,300PH11W,Banjo
A2583766,300P6PROW,Banjo
A3780765,300P11PROW,Banjo
A4798365,300PH13W,Banjo
A3464231,M300PH6W,Banjo
A7766743,M300PH11W,Banjo
A2364756,M300P11PROW,Banjo
A4462813,150PI-3,Banjo
A1165708,200PI-3,Banjo
A7834983,200PI6PRO,Banjo
A2358861,200PIH-5,Banjo
A5760007,200PIH5E,Banjo
A3769983,201PIH5W,Banjo
A4489883,201PIH6W,Banjo
A9732291,201PI6PROW,Banjo
A9029967,234PIE3,Banjo
A5395291,234PIE5,Banjo
A8281798,234PIE51,Banjo
A9277160,150PIHY,Banjo
A6264374,222PIH5,Banjo
A1382908,222PIH6,Banjo
A2544829,222PIH5E,Banjo
A1694000,222PI6PRO,Banjo
A6346296,222PIE5,Banjo
A7897462,222PIE51,Banjo
A1987230,M222PI6PROW,Banjo
A7842607,M222PIH6W,Banjo
A7009686,M222PIE5W,Banjo
A1351231,M222PIHYW,Banjo
A8915748,300PIH-8,Banjo
A1384200,300PI11PRO,Banjo
A6972731,300PIH-11,Banjo
A4888194,300PIH13,Banjo
A7676286,301PIH13W,Banjo
A4156833,300PIHY,Banjo
A2555965,333PIH13,Banjo
A7388787,333PIE15,Banjo
A7298501,M332PIH13W,Banjo
A5339928,M332PIE10W,Banjo
A9899408,M332PIE101W,Banjo
A9265781,M332PIHYW,Banjo
A5639736,444PI23,Banjo
A1676011,444PIH24,Banjo
A4267522,200PH5-SS,Banjo
A7799830,200P6PROSS,Banjo
A7488212,234PE3SS,Banjo
A9425360,234PE5SS,Banjo
A4698411,234PE51SS,Banjo
A8134644,200PHYSS,Banjo
A5647669,300PH11-SS,Banjo
A6945548,300PH13SS,Banjo
A3680431,300PHYSS,Banjo
A2183698,TP11015,TeeJet
A9424277,TP65015,TeeJet
A8998546,TP80015,TeeJet
A3341950,TP8015,TeeJet
A7015880,TP650017,TeeJet
A1621840,TP11020,TeeJet
A2372858,TP8020,TeeJet
A5244605,TP650025,TeeJet
A7329549,TP8025,TeeJet
A8473692,TP11030,TeeJet
A9934539,TP8030,TeeJet
A3124699,TP650033,TeeJet
A4678707,TP11040,TeeJet
A3437288,TP8040,TeeJet
A1872608,TP11050,TeeJet
